"component","Ag","Al","As","B","Ba","Bi","Ca","Cd","Co","Cr","Cu","Fe","Hg","K","Mg","Mn","Mo","Na","Ni","P","Pb","Rb","S","Sb","Si","Sr","Th","Tl","U","V","Zn"
"SBSS 1",-0.889719907134384,-1.0555105919966,1.23132515472176,0.0133936942564407,-0.115177438877679,-0.0798148345201514,-0.337941056830629,-0.0150467440212,0.170372448268895,0.601342161104485,0.803828166818556,1.0974928215713,-0.227422211148586,-0.155782004012164,0.0848531675950552,-0.108352748051415,-1.45697802679156,-0.0598599399227121,0.672737280963034,-0.477511059407353,1.35546066907157,0.237594247037728,0.881699415509931,-0.123049886922241,0.158197278887043,-0.304115582643053,-0.0916526014749997,0.213751948284148,0.275142934359321,-2.10846548062994,-0.190791274064607
"SBSS 2",-0.0745235717898822,0.419146559728684,0.197514755681688,-0.0656542476733413,-0.224112517682728,0.0317006099694825,-0.793730959305569,0.288431102962022,-0.374768674924101,0.180957800323925,3.77380403427816,0.0298335917904468,-0.326644148705045,1.10218718077153,-2.60830073530342,-0.147243869580921,0.241066070244379,-0.194940151242129,-1.57701554920187,1.68508072304849,-0.683280302656136,-0.103915922198158,-2.47863361187322,-0.0784001272659595,-0.160996939451247,1.81133186428371,0.198706033281341,-0.149863594055836,-0.0572075096618196,0.0851293463106055,0.0543427598969133
"SBSS 3",-0.591131870287885,2.18905717978436,0.990726617561578,0.0322537129080439,-0.930336998726247,0.252393488648209,0.93379097575212,0.00520871662589232,-0.28353271148981,-0.728447661304602,3.05737755487567,1.18161810824589,-0.363040824626993,2.63052292341651,-1.94216548090102,0.726997210468251,0.916056384245868,-0.589702162658107,-1.9605836732047,1.12944198960336,2.00590695925167,0.00618112788755996,-4.25822303637395,-0.434626173281409,-0.495548925921045,1.18560289824351,-0.0950759414834099,0.204764337974207,0.186638429062863,-4.88144947565463,-0.0806736786417656
"SBSS 4",0.532552602978914,-0.609799738971966,-2.43744049471653,0.306280966984914,0.120514950479167,0.385113212570563,-0.291301103958715,-1.31290900097113,1.37778348220125,0.237650271496119,4.6336163664887,1.29297221380901,0.632963570739526,2.09738108962779,2.70501433851069,-0.606308939420805,1.63421137695637,0.229277200593029,-3.52962965251098,-0.709426315015824,2.38972698364563,-0.795138582510564,-4.1290379997979,-0.353610456787826,0.185199028478301,-1.15426822407999,-0.251295023354998,-0.739949621053745,0.14763484969647,-0.984439844868005,-1.00333750723748
"SBSS 5",-0.633484236661679,1.24636259592429,0.39441426686849,0.227634707056966,-0.294396317415527,-1.01724161974452,-2.60136155820929,-0.909381079058997,-0.943866574630736,0.43889553841707,-1.84729894040988,-1.24557639159721,0.0623331802687319,0.998491830876691,-0.359662706540431,0.254742772245861,-0.551389623621593,0.385950857124975,2.44663484116354,1.80746487182535,1.40671698886243,-0.783046447375905,0.729802299482695,0.122918673265668,-0.482898193520921,2.1320136921864,0.717919942040174,-0.283263313876647,0.322062575523349,-1.70982817120475,-0.031664459264583
"SBSS 6",-1.16205822330187,-1.00746600967915,1.31768891383162,-0.204451531432981,-0.912160915422495,-0.0581142260768205,-0.148361064760845,0.0310822328083323,-0.572726111436131,2.11314223584615,4.18790895035261,0.85572798993602,-0.615773996753132,-0.149273900288534,-2.15020357374402,-0.688988284966631,-3.58533623971159,-0.642978422216624,-4.15449750928317,1.13888392460881,-0.265979108083374,-0.861405604784473,2.21670262755606,0.446378307981968,0.392851625009173,2.12168347502476,-0.0236065340515781,0.532810588463103,-0.373965967611418,1.869240889582,0.353245462604221
"SBSS 7",-0.147625847191891,-2.71946463742415,-1.38972229802061,0.0602750301479345,-1.12054124621553,-0.367584672596245,1.54458245836181,-1.9490265478574,-1.03392837071246,-0.5619177100324,-3.36341746131547,2.80791718726027,0.43906509108105,-2.93100505944813,2.16958537413955,1.90129972976422,1.68176145548203,-0.931894555720393,3.93065893144871,-1.13487950064406,0.412161076235432,1.95658270028561,0.361772362656384,-1.32221274610206,-0.0905819462792463,1.41451233328183,0.0685767220488516,0.166742186699334,1.21110663957253,0.0738909333625765,-1.13668761226808
"SBSS 8",-0.899869950888464,2.41771813201517,-2.17933743902441,0.435961525609696,-0.662776665814888,-0.533611526129688,5.11696969412955,-2.84548815206263,1.94331629887509,-0.292328996849018,-0.221575676691087,1.34426564769999,0.265544975106034,0.677259476524343,-2.18471350931964,-1.22187940644232,2.0505642057246,-0.981140104622374,0.829755380948994,1.27590320008142,1.87561311587233,-0.0257006405137239,-1.56462422457094,-1.72586935333499,-1.97461305435452,-0.561707179912125,-0.857064277446888,-0.542558672949928,-1.6805654276776,0.525516257677652,2.19703634834037
"SBSS 9",1.56567071015621,0.769886303320181,-0.122921865242076,0.369285901661327,-0.207919935153954,1.15750665697085,-0.25563095559913,2.34426456872249,-0.476388734422144,-1.41259081293145,-2.01760291905488,4.24390519450845,-0.855880889859062,1.41343188919416,3.02557255390096,1.64515329687474,-1.50966253200915,-1.0571855524553,-0.635360539812647,-0.286506553208765,-3.6038673307858,-2.86511634085946,1.09726276058343,0.712622770584723,0.400100488562526,0.911494472195824,-1.12443229384484,0.788021481829567,-1.09117360897701,-0.408193914587648,-2.51374427026212
"SBSS 10",-0.879272886982251,2.97723369583526,1.54969621802173,0.259375960883128,-0.773973034455126,-0.458660591546686,0.0981166659900786,0.0791462740507353,-0.630097089317927,-0.276593383311617,-3.62997084368925,-2.04157722824797,-0.410749740106463,4.49867227913091,1.8364627682211,1.18097026685692,0.183666723289527,-0.30881460748483,3.57775372516233,0.0926855637515073,3.77007945182166,-1.90306822795667,-7.67676197012424,-0.329530497417828,-0.764939283946311,-1.67915592835719,0.288849136814468,0.845478207821423,0.314334558600915,0.710216189470713,-0.499572372778039
"SBSS 11",-0.972076532736225,-1.17526798415761,2.785602687867,-0.936753124627887,-0.530682319252824,0.465673585199154,-1.10633545109251,1.2184375452479,0.720497870380655,-1.6818040311177,3.78287715899361,-1.77703030655172,0.754775437565777,2.95309239759377,2.10913185349352,0.653221885162306,-2.62532361519883,-0.899393190807467,-2.64020472735169,-3.25232836389545,0.840418971638119,-0.263866053891623,-1.22029862171992,-2.16222437352988,2.00943058287218,0.614746800003742,-0.0105975324343129,-1.63404766197534,0.800334313073676,2.56734566994094,0.612647131308622
"SBSS 12",-0.311651633810932,1.07345511554086,-0.631618026209829,-0.308057857470338,-1.14841758766747,0.375283554652421,4.20005326497773,-3.86013878488974,-0.668840996410251,-2.45690609581998,8.53229111683537,-0.26399650696547,0.396626458331277,2.41996939350379,1.01720403565267,-0.903821562069211,-3.11250900295295,0.0905929768737283,-2.83141401205146,-0.441411941114802,-1.13196049116921,-0.911992245664758,-5.7234848648085,0.954752800131836,-0.827376756372802,-0.245367357007578,0.632223461000612,2.5062128844636,-0.547576765982914,1.54824976153879,2.57962766493553
"SBSS 13",-0.0313719139957297,-1.20276358662725,2.79322865444629,-0.261864704412446,1.26414016691049,-2.51238430866338,-2.83732258274703,2.74552355772665,0.137470864456086,-1.83557534885672,0.126943211009134,-0.160668820325767,-0.950485444804399,-3.81377471040905,2.86644667603899,-0.677597053642599,0.731674853684377,-0.313595858328625,-0.35606635350558,8.88685742357874,1.26590901925238,0.867670685000423,-2.62400376175774,-0.181763924802588,-0.624211632598508,-0.927445214615073,1.43039679775077,0.332065415528332,-0.602224628077628,0.630879680895827,-4.16608715810838
"SBSS 14",1.59130461684967,0.213104630093941,-2.18018107971512,-0.633901766231703,1.12438392636805,-1.77608948880397,-1.66260089210878,2.02465944907274,-2.75272573540347,1.00291864966522,1.55821375018138,-0.283538909259075,2.08083588632543,-1.67281730208023,3.05326165019778,-0.568094185815641,0.738927904475911,-1.14276436324184,1.89687130756678,-0.907039759861961,-1.49633478721502,-2.35510797233534,-2.56408366633641,0.0144671778123539,1.1805214927045,0.525617574661993,0.470330066600416,1.90259581744882,-0.960132317929626,-1.20794436310906,2.78534268942228
"SBSS 15",-0.250802628554688,-0.524400618883749,1.18432726429715,0.727986951900521,-2.62221579828306,0.0308957756713072,1.62469760793974,2.56848268120897,-2.11245679895114,-1.20343631989458,-2.8292483307036,2.8865031596952,-1.19439942639875,-2.84616403829361,2.45787799942537,-0.497049134083768,0.337654981802652,0.542757415495397,1.45616582822056,-2.53934896299982,3.09713249598008,0.948855440716385,1.58936978751936,-0.808210635883227,-2.22541276323587,1.73291846472547,-1.90954514069292,0.40155738522757,-0.062834960985777,-0.213958088072148,0.252300406090977
"SBSS 16",0.114479838460121,-1.26272892006456,1.90503947634385,1.13421089577883,3.41190241110157,0.576590681997865,-2.42403490720806,-1.94935370203349,0.298552709534597,1.31600813972588,1.36862404867521,-3.12201341102157,-1.28992137377363,0.699446762973615,-4.00992121278548,-0.225391702640442,1.05845937367931,0.82888656839869,-1.3683346196487,0.241172715661426,1.04750331522248,-1.69492043442147,6.53856223084481,-4.01343110202172,0.985892232832056,0.000580216753203945,0.011174304249635,1.01780353486236,-0.637467640983878,1.01272657163455,-1.57009700212706
"SBSS 17",-1.67773715931891,-2.00156486992793,2.31436310133835,0.167643130867796,4.31347401542548,0.532911400419065,-1.8839219446382,-0.840690674050007,-2.14701617743776,-1.95518161831193,0.2435971663502,3.07788445313748,0.160804106469228,5.15337717635632,-1.71282046335582,-1.59692690452832,2.17190316805496,0.34215829748702,0.383099612288692,1.34219781588439,-1.89393060627597,-0.357984036805081,-8.68420222399078,0.494228797088386,1.23590002620077,-1.6499719441683,-0.92752314541849,-0.182587847201483,0.872384246296237,0.146889482530639,4.55924361923398
"SBSS 18",-0.230751539788473,0.475419732476301,-4.09643764405172,1.49827517215906,-0.395220862613895,1.75043574759014,-8.34344260110728,-0.179795354313455,-1.63454137896831,0.344655167492715,0.745386433558548,1.10929613913707,-2.27493762273436,-7.69227822445302,4.03126465156287,0.499567634002588,0.845532809654092,-1.11274753008928,1.56835143107789,3.74094349496536,2.86277243611768,0.524965142530873,7.23129875970091,0.019966120758194,1.14562677055317,0.84375038786352,-0.976983049629039,-0.402161442721712,0.0697547369126221,-2.78988621947984,0.821920701836773
"SBSS 19",2.92966113374824,-1.10084951524214,2.0990705589933,-0.10973777260384,-1.75284150415004,1.37419439446539,6.81116238661458,-0.933872460249592,-2.03919758473077,1.69407024940492,-1.03403266579844,-0.586040908928928,-0.919648648610376,0.267982186501597,0.747125282506569,-2.33093495655437,-2.00243867500223,-1.60148456431349,0.80407756858291,4.39563061793496,0.0288359722536235,0.0490879237873403,-5.66325782902597,-0.508805180936406,-1.0275299506331,-0.219065990364617,0.974231237535179,-0.380398531052718,0.460477594656229,-0.778015205970193,0.352544837182383
"SBSS 20",1.9311763654817,0.907378128219009,-1.30238082126826,-1.74298304816802,1.29900730635892,0.63820417577487,2.86685473109423,0.440331194362269,-1.21662429039639,1.42341602716239,0.545482058024409,-0.129030854439369,-0.453214814154405,-3.11743501028125,-0.720217314701247,0.765570490523477,-2.50334735688156,2.07010026188845,0.366818248895734,6.52702273624908,-0.779532344157753,-0.243610831928596,-6.19216481764138,-1.18033707069401,1.52451369387597,-0.786481883522421,-3.12888784235513,1.18226690324165,1.88722715464392,-0.354959221835268,-0.524161953371013
"SBSS 21",0.266331279690883,-1.35133551768795,1.173764618622,0.790930328856132,2.83928876272453,0.296557913455492,-3.39114740083808,-1.69622469907271,0.832909295981179,2.09092555120982,1.08983477351126,-0.305704317470864,1.13829246748399,7.56074897611149,5.08839038320836,2.45557735670149,-0.0842242590146865,-0.53758477462693,-1.14247979208975,-3.83529733970665,0.0360249588922941,0.612972685133097,-13.4591419665929,1.30428938159154,-3.07346522378475,1.66859058705496,-0.358821421541943,0.089970865137527,-0.58606245659476,0.405928094250851,0.0801608894051072
"SBSS 22",-0.079092047425377,-0.704530193753103,-0.144669742779659,-0.0969309132357043,1.81405539511992,-0.0837813705421073,-1.41524325581056,-0.669308300111274,1.79777705873654,-0.399955846147783,-0.663938896082719,-1.59320589491839,0.456375630352601,-4.7245792506758,0.916170969654868,-0.871739533660949,-1.56172848960041,-1.92352188339022,-0.00311272024155845,0.934940040497585,0.289801146820548,1.37224901697945,3.87723702249069,3.45468849737443,2.41448929815502,0.746488247232276,-1.22826819382045,-0.562759615969094,1.05259788866441,0.252159492756333,-2.6526635566695
"SBSS 23",-2.58518270686602,-0.449917926350665,-2.50407080357535,-0.0461114243060845,1.11866098748399,0.692111895988796,1.29645109929367,4.64032888878325,3.46153782556911,0.237551680533363,-0.467044843918108,-1.60133262469789,-1.5816247159222,-6.14261366722553,2.46548707144195,-1.22240399130648,-1.95083764290258,0.466557832133408,-0.123367573870982,3.25209424830259,0.691307314505514,0.212691708537797,-2.50540162799926,-0.853398359612416,-0.259642502547629,0.119259834216001,1.40257433264636,2.01733051311607,0.0410849548854478,-0.569575926532479,0.747496150196362
"SBSS 24",3.24509251947728,-2.0894373669836,3.24604811294201,1.05175714723042,-2.66818632676024,-0.936833335612584,-1.93714923739591,-2.62481106871848,5.03638383912674,0.516979094083791,-4.77715494697247,-2.15652100927926,-1.64138834302993,3.57920013219816,0.987608382672822,-0.656896680643786,-0.144602320994281,-0.125453852035198,-1.34502340205538,0.251100031118715,1.66035993591161,0.99786564605943,-6.63116150542247,0.569944797073325,3.45297056326474,0.79564235973287,-0.612218018328603,0.500957167766907,0.102306725457201,-0.00679942554622197,2.35942038566239
"SBSS 25",-2.6246476841845,1.90684764782209,2.40748996951142,-0.819824897193866,-1.26597548660601,2.26828756606942,-2.28523799444454,-0.432643780967695,0.19643298543151,0.635262670978065,-0.593952953012232,-1.98276708731838,3.69090799669426,3.22998511422771,3.39275888907105,-1.21759587035458,1.33402419149684,-0.461946564571809,-0.0621261284707918,1.66036679344266,-3.45254200313946,0.551014853671385,-4.89202229497926,-0.24312989302272,0.429214202830932,0.48165735680969,-1.27921666089203,0.698930735821421,-0.462913829357653,0.835780747386294,-1.6424185927492
"SBSS 26",2.48903796464353,-0.68756899951011,-0.0835702792382224,-0.444525397467982,4.09667149338433,0.380687577475691,-10.2760005403452,-0.884023842971433,-0.773141547826467,-1.01903314597782,-1.72240613446514,2.83093538057389,0.909472340444636,-0.203591078186925,-0.828512767057564,-2.43115909427947,-0.255152795440918,-0.115180690456944,-0.163284327184674,-2.54411837416796,-1.08608422123479,1.66417973340161,13.240864656747,-1.07180592773845,-1.65050163164366,0.122355439186701,0.918879655237918,0.136756737332175,-0.395174896637675,-0.482347125906644,0.327341839310515
"SBSS 27",1.68148608413057,-0.515587425489297,0.289571783351199,2.01824672615039,-0.137273845042359,-0.0191303611149696,0.510972826742159,2.51665461361682,1.92602467978347,0.257097720463709,-0.723495256525478,0.244779190673731,4.23341355964936,-8.80054107361821,-3.5309825577026,0.24449650650768,-3.02984580656789,1.30149792909495,-1.14709665678142,5.19964619278421,1.8534557041747,1.44797513301502,-2.508243700772,-1.68995951900953,-0.632092849085344,-0.392190269993863,-0.430954843426274,-0.894213686249991,0.816981280041173,-1.03129315368118,0.940601074881257
"SBSS 28",-0.255447518983157,-2.15153165966294,-1.33974032322502,-0.0771259186844144,-0.0784794284421312,0.469015444051056,3.30263624289158,-0.657842274415835,-1.81906482292257,-0.77642570266521,-0.777737100165746,2.77858275830869,2.1168710875359,2.24996287366065,-4.09385409678014,-0.625990414776914,0.0796931421235774,0.583499417763398,1.9991227582048,4.49358275541407,3.87148952744882,0.984610373601853,-8.01427840808589,-0.51331397588714,2.76758749731363,1.00970491633773,1.31519725733646,0.014658573152822,-2.88592327313075,-1.80317957783433,-2.16628012948285
"SBSS 29",-0.883615031220918,3.12508197547664,1.01720446678966,1.85739628849941,1.72383040049159,-1.29306432339546,-0.43622440782695,1.70046746444621,-4.84877704444261,0.440847503743186,5.23663996457092,-1.68766500607669,-0.699787794816014,0.491952385179002,5.88108137264748,-0.522080910319592,-1.49973736481688,0.188025016269776,0.154961098754913,-5.86961307917402,-1.31061957157327,3.61529923272609,-5.20706539956634,-0.679819555216051,2.00338496737118,-1.25307813029157,-0.55454067563668,-0.317945183558781,-0.171516234398212,0.854381249370385,-1.05540367400641
"SBSS 30",0.490116542425878,0.48964276145068,2.30878429778592,-1.48143284374018,0.693956998086147,0.376313562568136,1.09506318538954,-2.03922758609338,-0.481529443471807,-0.618225892863428,0.807583450846826,0.260184765202611,-0.801434129804731,-13.5758993495346,7.88421872366768,1.82987293897776,0.716543615614215,1.63809821214896,-0.0711887291662904,-0.30937786589701,1.64590741526688,2.14399295986536,-2.05290880554649,-0.295013028070872,-0.0917887503998117,0.228869435200049,0.938258377292293,-0.974123842634287,-2.08531386488633,0.330484230537564,0.999572659782661
"SBSS 31",0.956373061174674,1.36168047893671,-1.20062064433495,0.00574097206763298,-0.128582593438806,0.381906592609824,0.723355366370164,0.0658332590639554,0.0695476492140458,-0.649491945031025,1.10380913156906,-0.767867666431447,0.307881143080213,1.01430426542798,-0.398509572826535,0.0778781039864242,1.36020869119146,-0.1022448322513,-2.11158536346365,0.337602789955547,-0.764518092050509,-0.383932110655267,-2.21081581490572,-0.186143040049376,-0.100309652608481,0.27168756522415,-0.00175348574017354,-0.207085610660245,-0.2940631609382,1.23211389120424,0.237600624309601
"SBSS 32",0.283478884043926,0.195180271952386,-0.496173908712192,0.0321501748017888,0.0645142884231573,0.120604122760977,-0.667394746493051,0.269955510577564,-0.367769987140231,-0.299594714220372,1.89788522172319,-0.318566449867481,-0.12335660290857,0.73378547017361,-1.412987873276,-0.0917684160470705,0.997289799336226,0.000684932361861917,-0.00156273031263798,0.632462217367282,-1.32443243520912,0.145080739563671,-1.7453149597615,0.0860167489006284,-0.0523187119069382,0.715908976399467,0.0307049676084464,-0.238357145842366,0.0992477874372894,0.972674292727393,-0.138025724461334
"SBSS 33",-0.849000268522845,1.96004012263268,1.00588583307828,-0.293752554590645,-1.71656712019616,0.207213315544059,2.3693146032135,0.0426176952068311,-0.615710656063369,-0.339552232453665,2.83017763994076,1.69003815131633,-0.374152241223631,1.76025129492823,-2.57219847422001,0.811135132005062,0.206167941220936,-0.850746247273828,-1.21758463181634,0.156574177311305,1.2692810757891,0.54583508221769,-3.67870743263951,0.0621000701768903,-0.521357377953868,1.81572931400605,-0.315292239181527,0.372698633027932,0.31219493835284,-4.3702351410474,0.297601597214322
"SBSS 34",-0.511133979973406,1.00453239645362,-1.17077800057098,0.272880297157944,-0.368375092190674,-0.208590695860309,-1.04004566614069,-1.61064692721867,0.670939890821682,-0.099834080881983,2.1866794940868,0.568057466499373,0.696323424553978,3.05219444123117,1.18845389050283,0.135392147649996,1.06370525967654,0.289925391831539,-0.814033275265202,0.90206397690661,3.05539632223654,-1.06347551169383,-4.41999261610102,-0.645201405452141,-0.607387817465569,0.915629609438858,0.0287780127630947,-0.774174640772325,0.456781478794566,-2.46869006776074,-0.685373723257605
"SBSS 35",0.0945612727410987,2.38869364107088,1.33027243988667,-0.0644604462860344,0.2721192343638,-0.54831475842183,-1.13094050526076,0.914222808530307,-1.48061382102351,-1.18608825079211,-4.3368514676464,-1.44261441128933,0.054894975001531,1.08465981568059,-0.986672996244776,0.827778553033159,-0.934806719195514,0.115136596726309,3.94901013685562,0.721413068977023,-1.63462293478723,-0.90697187014613,1.47987068211157,0.258429329180573,-0.244424352708265,1.39217214071385,0.451019364830716,0.411872290974472,-0.504686017853523,-0.797701253751552,0.453643454728806
"SBSS 36",-1.19791313034518,-1.17660232173689,1.29257114980866,-0.342175393907393,-1.49508282145347,-0.786148973180638,-0.366992933813993,-1.38259540685256,-1.84316536764054,1.96591768501598,1.99615210151715,-1.15276149966993,-0.0177560892300727,-0.257147751325182,-3.17958270159849,-0.368283402786068,-3.01531692460504,-0.432563393123504,-0.52199538797161,-0.0951323597373316,-0.234201485290194,-0.0833039070008135,4.13332214717144,-0.0031059011415889,0.550792563084072,3.0345076216674,0.738407804319868,0.607727179476003,0.452217340706926,2.33933032929097,0.840881230352002
"SBSS 37",-1.24241597255902,2.25354045433446,-1.58483500726347,0.0409828337018372,0.230096011163059,-0.325853512355618,2.79381307274035,-1.66065387687146,2.00320321040623,1.03934404636912,3.59519814586828,-0.680028954686248,-0.0122629430037649,-0.766461062667674,-4.29122124445941,-2.26486717234178,0.504753415541716,-0.396623683793722,-2.34620777864713,2.94691097726975,0.896633014182466,-0.220886079110475,1.41886393238147,-0.485680723853009,-1.17694589509743,-0.348651378350533,-0.788460492423841,-0.933424301641051,-1.48462586453042,0.589365228315961,2.69740160138135
"SBSS 38",-0.764982142406671,-1.11689202186945,-1.76126201190231,0.120818510838812,-1.06544636512038,0.296288069192131,2.78590330750536,-3.15752020622607,0.563187031488573,-1.42286771568859,-4.72725359606591,1.78325111064903,0.0494596603717932,-2.70768239276657,1.03463481096931,0.968562078545095,2.59528193232544,-0.914151856376521,4.80230922043024,-0.219470433938691,2.14575779440488,2.34470999222195,0.135102263792138,-2.36582394921708,-0.275281701282163,-0.0909914753511223,-0.680198638363069,-0.995442516490383,0.966193173542963,0.610222548233883,1.06358551855339
"SBSS 39",-0.196562175262221,-1.98702020899811,0.49232186868191,-1.04698410633851,-0.0207281216228799,-1.99496364706113,-1.4419168331054,2.12156412027944,0.506200636938927,-0.326573451303892,3.28973589365985,-3.0014473259142,1.59869313879501,-4.0718085437783,0.730586171844109,-0.286704126865063,0.0349579102380242,0.860320424583027,-0.868933404725727,0.152612229505981,1.3073458923512,2.27322426232658,-0.684468458182177,-0.989033483865246,1.01720641394852,-0.0642017596763349,1.78390993874827,-1.12031225366862,0.7547295516111,-0.0638436639941367,1.24209311085001
"SBSS 40",0.951480909892578,-1.48290956721014,-1.84982126414688,0.730350959925654,-1.46199785403686,1.0197396443277,2.43315219985519,-2.62887580936655,-0.0351175183785421,-0.29711423958093,1.13936330727565,2.49032193482212,-0.586313939193799,-3.5982084525752,-2.34872811967097,-1.24326763193895,0.133660211400972,1.26041181266874,-1.46824340593567,-1.2827571118793,-1.98553051171388,2.73437144093068,6.88089462799075,0.881849918685184,-0.51598959841099,1.2489347278335,-0.649689054900674,0.0831308774940759,-0.0681931952599152,-1.15531261101131,0.670407312107765
"SBSS 41",0.502789904318467,0.843636629284754,-1.52438776173923,-0.125931385031261,-1.77437906233785,0.517247473784779,5.17979437387911,0.135023246241154,-1.53977176852322,-0.246855529262973,4.15372196623237,1.14556629026535,1.82064914899676,3.92271766792494,1.53120223976897,0.538650017890837,-1.89693793909488,-0.299672388037505,-1.29887725402078,-10.5141529924606,-1.81988995432081,-1.92118870540585,-1.59348614977374,-0.930614927717599,0.476284503886412,0.786343895534859,-1.06632850775259,0.533449187526727,-0.659937655668369,1.35681206754661,3.76852336806518
"SBSS 42",-0.523855568328446,1.0588780390456,-3.34224126123122,0.744804196505025,2.40722080852861,-0.27269229005082,-1.96361806175723,-1.8160682150086,-0.701731099735399,2.91241094683231,-2.69646795461948,-2.36466371937833,1.3280092824647,0.976198083376907,-3.87075877018195,0.189586452581274,4.38314749664769,1.0386883451469,3.91838298646421,-1.91965738214364,0.156807585362844,-0.904964906207112,1.38381326801895,-0.621552952931611,0.402058172772908,-1.01875037272048,0.198541684276987,0.771771038571658,0.00558307135485933,-2.17900994437538,2.32013104071826
"SBSS 43",0.750381217600811,-2.73195835241502,-0.25419764497677,-0.355008483828385,1.24065846403699,1.38495873571886,-2.3969258520147,2.15697776462376,1.22068109381119,2.00200453330113,-3.86737844276152,1.83852443342683,-0.0573513744497189,-0.388900012010156,-0.642065981538018,0.56803949414143,0.0143893168240986,-0.798246018454598,-0.562279994344048,-0.19400557750372,-3.19173149919017,0.298761308617673,2.53111681110359,0.891673881051774,2.39821855125487,1.43238040064845,-0.48411689794572,-2.12816386154411,0.657165891899049,-1.18632868621857,-0.147273218865298
"SBSS 44",1.269526034297,-1.75277537480204,-0.71262929452736,-0.228834235588096,0.381787787285711,-1.58167156215143,-0.0783335428050736,2.28354698072852,-0.820741053375424,0.433157968824295,-2.31501004927899,1.943069089884,-0.0233790657254379,-3.5227332381639,3.97523239372233,-0.656944075136392,2.041422719808,-1.40718250997789,1.71418787511011,3.97867430785369,-1.15611657689362,-1.02782702648895,-1.32841800311229,-0.444340456692822,-0.573332776894651,1.76827824481961,0.331152511509927,2.1701349637386,-1.72589571327513,-0.907820561646844,-2.02618576104546
"SBSS 45",-0.146212204922466,-1.02170247515278,2.30055607469314,-0.0335344314384536,-1.30204776465569,0.0115015278436643,3.6899506817312,2.53807821117285,-0.967148699463145,0.293824666665699,-6.85904533211978,0.68076068424931,-0.0518472513462754,-0.676007410418954,-1.64564546368125,-0.960303895409852,0.483030203067611,1.15985138215735,3.1656572506111,2.02288959248075,3.35381710509324,1.32810599423103,-5.5866614323681,-0.0265779066278804,0.0847905232800426,0.310463778368936,-2.35528685490994,-0.567509461645539,1.19302668698106,-0.408671582339991,-0.00810219612687777
"SBSS 46",2.96153086560619,0.340678395156726,-2.43406214951772,0.0494824532259035,-0.0866741745280198,0.141494586262338,1.27431945358125,-0.148135520802558,-3.33059448225687,0.184829918165857,2.14402115404331,0.953523039641363,-0.932444397584943,-3.09673227723693,1.51917879964966,-2.27709839172446,-2.52264863212957,-0.886671404073811,1.43049116150432,5.84173932488825,-0.447288572597021,-0.235849881208491,-6.11884923152997,1.33133560456619,2.36897396176199,-1.28759213132661,-0.698728753883012,0.98472148318966,1.48594876805991,-2.36496224993148,3.85606328102854
"SBSS 47",0.0366407562067599,-2.71478999760574,2.6204360578869,1.11866260946707,4.50181622414839,1.00766317408133,-5.9866337302142,-1.35283517402031,-0.783474673804724,0.0686221235921746,4.30173023746149,-0.843278713708743,-1.80968697883906,3.39184831644155,-2.00831014683275,0.0444508434741722,-0.0867387260824047,0.220873524210372,-3.15966790429031,-0.0638341204125764,0.235786332836854,-1.166482242742,1.61289018532167,-2.47394876274219,1.54533175286989,0.419600356145625,-1.53561050710259,0.227352940749058,1.03442913289869,0.551784864590094,1.04537224601551
"SBSS 48",-0.200721955190346,0.115786451671056,-4.52140731546454,0.0821531132999862,0.134117978452253,-0.69548204919961,-0.578224078454509,2.43448656661329,1.60115037872367,-0.296847421063383,0.312567190265686,1.18232154526694,-0.69214136198811,-5.34521766037273,-2.4018127381934,1.98680005845018,-1.7337802253407,1.87243122107964,-0.0475228329646106,4.38912214930387,2.22135915833289,-0.234366241340983,0.327021608021884,-0.443603112642079,3.42707906719488,0.463984179277461,-1.49813296939627,1.17436646376186,-0.178041560162256,-1.08117655452867,-1.77626905341337
"SBSS 49",3.06796430727206,1.58228601631646,2.59080770982565,0.458954948156265,-1.60534493065733,-1.05966756620288,-5.82057762912625,-1.63716143832243,-0.256920940979313,0.418093104746028,-2.53059546584784,-0.131184240674539,0.520938352539349,-4.21143547268679,3.4046591486202,1.89749413252913,1.52891450738572,0.198304207734163,-0.169201206911038,-2.30189338392237,-0.783850283825321,0.999797970237099,5.530233367349,0.287587377730848,1.06571408616359,0.117713385964073,-2.43514816834895,-1.60877225522971,0.661467396691253,0.203640896489678,0.0171820669841739
"SBSS 50",-4.06272561476511,0.326740636372915,0.121428218068615,0.332076826475262,-1.34732023872045,0.654931944918827,-3.34250137229504,1.69997809999894,2.49930896274989,-2.35855613067104,0.0203012229055085,-0.564594442424387,-0.335699945767215,-4.89882810923964,3.67225755186328,-0.756791808246801,1.36255153311686,-0.651669942531021,-0.532239525089967,0.465830113760036,-0.398232581127614,-0.39838731018982,1.22599195112793,1.83211215436355,1.79693399022161,0.231082540828672,-0.191285128179285,0.523503359406698,0.0787388233707697,0.22896756001602,2.766096659682
"SBSS 51",-0.968960457847494,0.26931359502501,2.08577789964611,-2.55986056568895,2.99857003502198,-0.624782037599581,6.03036638086992,-1.49051378466055,-0.342393450837733,-1.21389543821289,3.04353522985536,-0.360848223027391,1.91763582638546,2.20889713992409,-1.81145465466808,-0.0290144829496717,-0.236837366464031,1.20528130038302,-1.32946383831992,1.28837832140851,-5.3809157931281,-0.747647796447852,-7.90659937689624,1.31104271640466,0.966018248045841,-2.08702029747246,-0.887086809189495,0.619612425517089,1.10536806042159,2.72447254588948,0.203024648612284
"SBSS 52",1.02469986118174,-2.50329332719496,-0.118530719828192,0.205381653405603,1.25724340262548,-0.614294665269937,-6.85997623997958,-2.58009365551656,2.58951273585232,-1.21352586246874,-2.77696853890775,2.070318654265,2.80071788742062,13.7657456775533,-5.14986473078934,-1.6661514905396,1.18321047108962,-1.67382585239971,-0.644134525084041,-2.69028788986605,-1.2844210301691,-0.566839799170357,0.345608776074853,2.52284525965562,0.279838742443951,0.759692756338003,-0.18378435132532,0.314249159102069,0.217476916589539,-0.00167810558118023,1.19112883049267
"SBSS 53",-1.29547661527468,1.93261513175611,0.769800527515034,0.356182279164026,0.565832399688605,-0.23036140168981,-1.85455943797871,1.09975097596444,-2.10220713287792,-0.294996440434688,1.49516165315951,-2.88156504042147,-0.080753308366254,2.7011994234364,-0.451981927891661,-2.85380146012784,-0.0736335461415245,-1.08750403573287,0.38952216620564,-2.10886843532366,-1.4952832887005,1.59732203103284,7.59797213056924,-1.03154963325392,4.16865247134482,-1.04987499322634,-0.274740948392668,-0.237689241421079,0.0509774587757066,0.773421693308346,-4.09356345466513
"SBSS 54",-2.15531993407828,1.77916842638476,-1.24943183265154,0.439425600740875,2.61031821081882,1.29892488441855,-4.94035911379202,3.61740526150862,-4.60467667328976,-0.375237753507592,2.71482446094051,3.58701815744323,3.91251396755734,-1.23111706908658,0.915452275110235,-0.471254096430833,-0.229471058593076,0.801688329712567,0.592567301786673,1.26547018231291,-2.71140475120514,1.23690243186627,-0.494817951297845,-1.81782460546938,-2.31179587170293,-0.386364620263734,-1.0137485069791,0.113164674659455,-0.0249300246769974,-0.691161106843116,-0.175929195392888
"SBSS 55",-1.22492885509048,-0.130321383330009,-2.42386325696163,-2.0725837932538,-0.995406257592528,1.26421258204682,-0.28800421184761,-2.10239298882098,-4.47597934064899,-1.38264524604675,1.30178023023879,3.51400958780609,-0.523841821285988,1.08836715548854,-0.691605854580519,0.785553292936155,3.24439383456658,-0.65789969071957,2.15429854276333,0.606111488594335,0.423715335616043,-2.01969201914194,6.8016751223567,1.08904593708632,0.536693919056243,0.693618476101753,0.110249232803533,-0.729882186917612,-1.33160733249657,-1.09522075212413,-1.46784974660214
"SBSS 56",0.634497287438436,-1.44385391565558,0.409326128252192,0.936676467150403,4.1122400295417,-1.61357902085821,-2.63389421831903,-0.590782156138169,-2.5937502749944,-2.07224031599411,1.01291666268746,3.44758757923228,0.414900451330353,-7.5972931203014,1.41032104841222,-0.200003451994883,0.687738907364881,0.365948667572297,0.940244406656259,-2.322775502223,2.91409402860135,3.09958120467609,1.8743279702155,0.537106745503446,0.622327927659391,-0.067745023741821,1.7834380933442,-1.53459635513407,-2.17119962339222,-0.684533274287631,0.322972647396063
"SBSS 57",-1.16316944600937,1.41250486632671,-2.85109534381993,0.116004742100637,1.78722806418894,0.0127032468999556,-3.65200543442377,0.762604136240286,-0.535375921847742,1.31920459091053,2.32296145411441,-1.89153319283231,-0.376376785260228,-3.69907765807886,7.06940579274667,1.76172667748092,-1.34142927615942,-1.61532079497399,0.571912714003099,-4.64151143134765,-1.20355150929644,1.43509872324436,3.12366219397156,3.43712882476838,-1.29838250958148,1.16643829443111,-1.48471315638968,-0.247659339289732,1.53223564204531,0.337594846365647,-2.1672130105279
"SBSS 58",-1.44824817300208,0.0735162891279801,2.40980675003887,1.29826665845971,-1.89931517737213,-0.0405962438251956,4.87917275615546,-2.28438926434914,-1.20886617306221,0.983157685326354,2.94668716214004,-1.56759096965982,1.75943709412401,8.37462033311675,3.42865833504317,1.46461752815147,0.236799758801504,-0.45066022640814,-0.152516039399939,0.329001725333813,0.92035627541878,1.24836446549901,-22.5863680740519,1.24090796610293,2.01667667263686,0.46342351108119,-0.40291430017878,-0.384747137242994,-1.38010428894866,0.431150289247827,-0.698305188304741
"SBSS 59",1.45782958989408,-1.61568819428821,-0.644967598179012,0.143855986528144,-1.3272820125486,1.51069098876718,2.96202988558766,-0.059115439706071,2.71892476525185,0.458512644446426,-1.07531589434869,-0.985526201892739,4.18248729218481,-7.72245070726542,-5.45232877752259,-0.337385942098344,-2.52521458361863,-0.428327464837637,-0.742526714556034,7.51792765984907,1.68170581053038,-0.439450249217881,3.29674824463305,-0.496100064606064,0.899435721618506,0.788586773971346,0.0817941268973696,-0.632830105862653,0.179780608130061,-1.10137925424725,-2.29442089349412
"SBSS 60",-0.78707783210704,0.0331097737523206,-1.63794919137829,1.85502288522269,-1.53990958097037,-2.14448309650724,3.95720896773122,3.24170772559344,-1.22565676753371,-0.847643933379428,-0.21293064850642,1.59849500464896,-0.693307533634911,3.07896123103693,-6.08351887145374,0.567121557057142,0.586430905151382,-0.860108401871045,0.838441904791928,-0.42225339845058,-0.164433359424982,-1.77019095016457,4.64275983665763,0.5632330173233,-0.970480260198124,-1.16558929581204,0.0110514476915964,-1.02176472421261,1.64365722767946,-0.244457139047209,-0.825446499685686
"SBSS 61",-0.792683029203283,-1.42253829378711,1.11653436164561,0.0498868054457926,0.511565511001747,-0.53678825530536,-1.24657694890045,-0.00713749828023993,-0.231130472995388,0.660833767369117,-2.02720918119796,0.29574736383724,-0.231631509841839,-1.07058034459099,0.401828166686238,-0.134247514373369,-1.32633592264223,0.292822945565652,2.83333650045234,0.0823813922234104,0.399206488441898,0.157465179710579,2.52772247744281,0.208531288934998,0.119130956491846,-0.315536525968029,0.10990133824748,0.21959045347804,0.214668522358881,-0.601478436972158,-0.257279585275279
"SBSS 62",0.56586318588709,0.17460648420226,-0.815544661156572,0.15970688439352,0.22280726978758,0.192194558869225,-1.0723844062225,0.414007572362133,-0.356702250343636,-0.52946970501819,1.1823584938653,-0.656610228431155,-0.129792896691795,0.376140375116236,-0.965046745247537,-0.00361126400155422,1.20732419341257,0.203531140390388,0.386176233747933,0.338300693024986,-1.52600699153192,0.152644782473135,-1.2519682668651,0.102069530642632,0.126952912919269,0.282325894168285,0.0702324662831273,-0.188275172368353,0.106287799814073,1.32907446414507,-0.0971923476265014
"SBSS 63",-0.364868170527483,0.565285863199928,-1.29396200755896,0.292406418465398,-0.0953724444751055,-0.127061004826952,-1.55816891295848,-1.45795666524927,0.968821729881193,-0.252097843699,1.00383775552594,0.0396448611612124,0.717809278892562,2.48463228006406,1.82545972267107,0.115780699475195,1.05843565534414,0.438762287046435,-0.433558898855273,0.990946231363308,2.65481202563392,-1.30250793023911,-3.1437719424774,-0.740278445592461,-0.446000315502013,0.535252669875945,-0.00699180823448962,-0.916228899223675,0.370373608580802,-0.961263990109711,-0.96217180765174
"SBSS 64",-1.05099209845609,2.32982797485692,0.577723773723416,-0.167180827759381,-1.87140792486631,-0.0591746330700076,1.80312066483196,-0.501330474003433,-0.856296898762458,-0.574406223984136,1.61736115105659,1.80299843283847,-0.135134493866693,1.61805416258007,-2.45328034350789,1.06338740054503,0.202642487683105,-0.709803914076633,0.46383057359854,0.412161753529534,1.91743209640305,0.461359923754817,-3.49679286268335,-0.0600353374071902,-0.701827158661417,2.35200499834477,-0.233771189835068,0.239707629774982,0.543265373527603,-4.73666640092446,0.203222384815655
"SBSS 65",0.545318454957089,2.04368737433269,0.937696564421802,-0.0411344216283946,0.344584050544601,0.192517422837118,0.0031999749997047,1.13108820312083,-0.698627397747967,-1.98983159124206,-4.39632851321678,-0.269286872882,0.412331315188448,1.98408744869807,0.500697155227549,0.976460244242293,-0.606658959955802,-0.0109623401463906,2.90544046310117,-1.60032593001476,-2.44506442956568,-0.958659006281891,1.73443522024667,0.00820850668841744,-0.852431159142404,0.792587215587867,0.103006514702793,0.0741495493811699,-1.02021389932472,0.0749788633175514,0.12504997955301
"SBSS 66",-0.384531340028323,1.3485881918157,-2.01908030875374,0.204435880684397,0.800772948032157,0.950807138016105,3.57003682933118,-1.44812946911214,2.7894152709946,-1.05451330160907,-0.864276556324003,2.34450126704833,-0.68486322706379,-1.63905879770755,-0.519905283660214,-0.736915083756355,2.96665553072857,-0.23084193415859,-0.210833087807294,2.75730396965745,1.76081151599401,0.996680896113416,-1.84434427772796,-0.692394118620127,-1.41912856954222,-2.29106769532093,-1.84883338745048,-1.53111448090637,-0.568334030635115,-0.925728636743384,0.423884148511732
"SBSS 67",1.70165039286533,-1.11455116697136,0.301125969133299,0.570676917019832,1.09906136507775,1.66088596934519,-1.53462316999021,1.58316196215396,-0.291880323396993,-1.03598685907307,-3.23464684439221,2.74804530641019,-0.999954137726244,1.5487776944634,3.07825074149526,1.30047537652867,1.12735503816057,0.717078847493719,0.145706921142894,-1.73746264510365,-1.75951180608277,-0.394706786532721,-1.12598260410692,0.904152693673575,0.891876321727836,-1.32618049334702,-0.824441186033999,0.578014242604896,0.705974881242323,-2.3593821850514,-2.92296043273012
"SBSS 68",0.20191523551873,-0.435686220171667,0.681937800650212,-1.0258186766823,1.11519659880751,-1.49256535775795,-1.82060122633228,3.94581228764837,1.04934525650429,-0.24953085168163,4.41095984991424,-2.17599905368487,1.48642333426867,-1.37687675761477,2.43114535999137,0.114595462467004,0.13055440303206,0.976166143975132,-2.819026714872,-0.697715048789594,0.546249378792322,0.575403377744201,-4.430859668182,0.154294577306895,0.46645136740088,-0.74329262447131,1.26565754210953,-0.769016143914352,-0.252104257922062,-1.39386365779373,0.130848283739095
"SBSS 69",0.432671954968157,1.30362453711334,-0.290475213138368,0.769457028536307,-0.286558359455859,0.0829153835451653,0.769796291806714,-1.45775449409228,0.11324248253042,0.896377079986553,4.19849989228317,0.832542804689937,-0.120699855793068,0.934347426268807,-3.79603214703566,-1.76124131155581,-0.898601776719595,1.05528133364917,-4.06908312233428,1.07903525322869,-1.88041727706324,-0.0160438943182441,2.4388900781403,2.51132489495447,-1.94037258995516,0.906845479812204,-0.205621608430069,0.765508858267397,-1.50447387855365,-0.911921517867377,0.0489362665318561
"SBSS 70",-0.164058625267522,2.92635822462828,1.06380096189563,0.396060906627634,2.69488296356001,-0.692486020213327,-1.38293543405224,1.73539049615899,-0.815961758615067,1.66642749108381,-0.845861559029385,-2.41484768974047,0.320799834069814,5.05140896111969,-1.00176535571991,-0.025322577952132,0.679749872343862,-0.300377339972339,1.12885293687853,3.17900220733591,1.1482377610618,-3.87934274617301,-7.4313941016334,-0.14390702048412,-0.746707850579791,-1.49542657619104,0.356764521291482,1.47925055935926,-1.1531238425152,-0.626402181634117,-0.707067017641658
"SBSS 71",-0.24674419220585,1.54561859592231,-1.12783633987719,-0.172014173701261,-2.6690244784471,0.905912766156244,6.92643797801534,-0.651846244254569,-1.27934796273842,-0.385679192093132,4.3120631150903,1.11487916576916,1.75511123275708,3.76536439626305,2.11370829058883,-0.472917407154827,-1.20707552866057,-0.611687157392354,-1.39555090751651,-9.82665117694756,-1.04436525786171,-1.84085611674071,-2.10167908212694,-0.41804427900526,-0.779269642454028,0.184985896740158,-0.750481246400798,0.746081312490836,-1.08235817805249,1.45022460290546,3.24304121093251
"SBSS 72",0.206242766441591,0.446694475251823,3.51494803164334,-0.156332863777321,-2.65787015274073,-1.05212249895888,3.91241078802998,1.03527428835138,-0.716673990970383,-3.39272307670868,2.77966974016751,0.180024912420641,-1.26857679170259,-2.587207865819,4.36810229923952,-1.05971759694998,-2.63223556871954,-0.539433840610827,-1.21037212924439,4.9536279540216,2.63369211596812,0.644348227257897,-6.07665488604476,-0.177177298739339,-0.93030117977882,-0.790742670657154,1.05165906925338,0.973897015839717,-0.602241329112873,1.48594413501758,-2.33615207836881
"SBSS 73",0.310677481849068,1.46004001576591,0.459341498615909,-0.640858264173515,-1.53256864285806,1.14606566851833,2.56999808034586,0.118176390643642,0.54490151572585,-0.284519675907157,1.56524449528458,0.0921240626698732,0.584540459148537,5.91684278740716,-4.91699264613203,-0.481401023695563,-3.86242346430026,0.378851820449119,-2.27087457098822,-0.0413623255440152,-0.504712045491098,-0.530086518955495,-1.47547419087843,1.24288667910926,0.761122708414846,-1.59531361182672,0.636877694227506,-1.67272044546267,0.888478481157593,0.427278403543155,0.705859183337028
"SBSS 74",2.84319881383976,-1.10157947967536,0.329996697143826,-0.618791896899494,-0.30232709843851,-0.0420619320475606,-1.83652245612527,-0.209313957612711,1.39472589187163,0.39312767282729,1.74158827979354,1.80628224556464,-1.54799740862827,-3.05579592834152,4.18814172604344,0.0733189881540783,-1.31663407564779,-1.8025004589433,-3.14445509824185,2.23196320761347,-3.32903159077636,-1.9319821135058,-0.289367929309405,1.29294285857408,1.6970013264239,1.25602765340744,0.417207286520975,0.249836085360953,-0.945245255868563,-0.372114960875299,1.93036290779805
"SBSS 75",1.51366059735561,-1.9445856946376,4.14859251947128,-1.63188407519145,-0.990977021372319,0.392502995371963,3.32197974970847,-0.383547030449601,-0.440496783023037,1.46345673780506,-3.70512781772832,1.85558527134511,0.891366295536588,3.97312353837951,1.41467058837165,2.12623700205343,-0.494061557633477,0.389555575339945,-0.274348588270456,-0.0294693327157628,-0.382692176506494,0.209649759046601,-8.99868011255762,0.61734001484889,-1.71099522616883,2.05473425862505,-1.66601426149147,-0.958388542915697,-0.0428006377139085,1.64398609227596,-2.36237213715911
"SBSS 76",-2.06849574092359,-0.365763833456707,2.10041704499482,-0.662142878174089,1.52018988180679,0.913416311987066,0.670933034901901,-2.38928860918882,3.08382162936201,-0.210070030658364,2.35350991481034,-2.07955469755228,1.31156175866003,-1.68465318460327,1.62357574892396,1.51188434820671,0.453165407959283,-0.280516904842607,-2.37513131722795,-2.80093916607425,-1.46393119011472,0.0314621420420535,1.48102097123044,0.469157498384686,-3.66282221982623,-0.156174317780028,2.4713595393817,-0.823789482762788,-0.400430082402379,2.07233199895331,-0.644103576017056
"SBSS 77",-0.0710946509445372,-0.188062413962853,-3.86089247079552,-0.157712105176783,-0.705450085478744,-0.615797865077509,1.21713697867737,-0.729505799095895,1.80266192535825,-0.883645226287441,2.52355588844663,2.23041492744652,1.30404568026065,0.490049990980543,-3.86313414886198,3.35792060614609,-0.307645095013246,1.17847525446761,-1.26562217610786,1.43560210962393,1.28319859246845,-2.21383673722825,0.274389891446926,-0.894317762666783,0.0830530671649242,0.464738734947463,-0.027204767960295,1.04044329542398,-1.28831313768663,0.0983162575742186,-1.71176875808925
"SBSS 78",-1.05793311148685,0.888897399981054,0.714807319204476,-1.37245788962802,3.75264353263833,0.0178370837249335,3.84271448150394,-1.24888566530536,-2.62529064485974,0.0716536021519942,5.86755649010959,-0.618915771825381,2.36470901417316,7.23242181771916,0.166103152155385,-1.68241018593859,-0.932513917859611,0.701780014618122,-0.995200416514487,0.928800108192723,-5.35555030973805,0.641625715567901,-12.9058583753325,-1.01788786196497,1.11944417588373,-1.69367649552403,-0.0035781675832029,1.79069960833707,-0.189417694337197,1.71029771845843,-0.112414726521965
"SBSS 79",1.38699052197491,1.6344532500825,1.06937761689841,0.0778434331760386,-0.378354124686123,-0.795416696564562,2.65269840705801,-0.360972712786567,1.4959248226496,-0.0829566703359247,-1.62941130821207,-1.84759944410329,1.87034363071667,-10.038196868553,2.75045077627348,1.44448604684651,-1.5330847906429,2.13227417231584,0.812080661561892,2.33007861104581,0.110587324659138,1.69195187367558,-8.49089836507461,1.01646940056859,1.15520021138889,-1.47037044869356,-1.88100253203148,-0.0857048425156318,1.50346206062963,0.402616308174119,3.0566796745041
"SBSS 80",-1.97838882958864,-2.30832055979107,-1.09620061612514,-0.546775570591147,0.359256725110204,0.290064096106111,1.93952332209141,0.518607544160846,3.689353228734,-0.778581226479743,0.362062955132469,-1.17406435458724,-0.0760396024137466,4.99894815593832,-1.93522765925071,-0.62321589450178,-1.97186023060365,-1.58757086454488,-1.30704909214726,2.01585737890366,-0.829337704795708,-1.691802091248,-6.02704055501479,3.97579656222786,2.07560352334568,0.902762962075346,-0.877172846870919,1.12675272956457,1.51178578004086,0.771127920483772,0.271144814639307
"SBSS 81",2.50617693238691,-1.96152704337088,0.825514530197506,-0.741839580571145,1.34423765776461,-2.11040254898762,-1.78633745020287,-4.75556788897359,1.81681741917305,-1.69321741639499,-4.77014132116705,1.34534778310346,0.112175661024076,4.8118031125942,-1.78138748639239,-1.10029297401659,3.11532182715371,-0.0560875831400331,1.83439360843918,-3.97913442691513,1.65465736913885,0.976064802575263,0.974639228359092,1.55177077028387,0.243237271371604,-0.478012160319636,2.08038470228237,-0.0405730814046206,-1.56809365530016,0.124557440098974,1.50551450120997
"SBSS 82",-2.02132765042996,-1.02146037654733,2.27575649288307,1.64578333737188,2.20047113954543,-1.89367035436125,-2.42325096047929,4.00820221936806,0.408765220974165,-1.70266740054579,-0.488353078921081,2.84985884943946,-0.325675985823291,3.76425472315,-2.04765137362139,-0.107927173618327,0.294847109476499,0.555459153295449,-1.63101926673414,-4.31015094613128,-1.0750591541026,0.387667223793181,-0.0908112864772871,-0.763261889307622,-1.44109792943265,-0.377307222759429,-0.043899635392074,-0.5008736748179,0.434463817307231,1.75185062586146,1.68808544703679
"SBSS 83",-1.12446827855715,-0.636391508948323,2.64600303753961,-1.44320839442678,-2.31909395854477,1.01765246769982,3.58664619193367,-1.7475990341729,2.33041758270647,-0.668433221555141,-1.51048019410415,-1.22431025638416,-1.63455938860439,5.29252813686279,-5.10108275449451,-0.806262767600135,2.22628308839186,1.62793598261734,-1.09122892098546,3.20461775110426,-0.288018776520505,-3.25829352582126,-2.46974461324734,-1.86790335668447,0.0618321778071073,-0.80311707755201,-0.0317568664311441,1.22644558449021,0.398614505372498,0.661550790223351,3.74542559788559
"SBSS 84",-0.728087762242576,1.52248006934094,1.31338761444527,-0.88710933730702,0.25944738700922,-0.267451240241492,-0.483145159727317,1.8778144532045,3.32327067737216,0.606810649673048,-0.442091248062827,-3.92584415955765,-2.50927236109416,-5.9384636936301,0.464816258317158,-0.099720203965098,-1.98374827320236,1.03669757700611,-2.30394042960026,-1.62662326035741,-0.215833719920513,0.60112295542858,10.7143207027792,-1.12499041569364,2.42366309590614,0.28877543731626,-0.375377230542137,0.289221484618529,-0.204079601885225,2.13522264301,-3.74127290839738
"SBSS 85",-2.14616571532785,1.26492990282156,-2.95123149836155,-2.23226772909695,0.12182799193698,0.563798267766927,-2.76420086925199,3.43455690164837,-1.93611290075258,-1.96620763587665,-2.91819639355576,4.05129049511573,2.20001531126351,-7.50305725681597,0.87038068302623,-1.03984163851152,1.83440803615406,-0.115603197111523,2.85246663938444,3.45501530355718,-2.53977768348506,-0.479255791815356,9.7427617409042,1.40889140372257,-1.12550228717504,-0.0342935017521612,0.223527544422291,0.384871707279915,-0.603828348906444,-0.754907150571259,-1.2982923306363
"SBSS 86",2.98358478980203,-1.94343035938235,-0.414138517109514,-0.793530128057922,3.73882811881476,-0.088101894634707,-0.518928886559062,-0.087864943962332,-1.85021449221381,-0.649271450907021,2.32247278644074,1.71157452884345,-0.0957769935428137,-4.46785617753113,-7.15197326429271,-1.17033023820847,-1.89303201614147,0.503473605727372,-1.48609716910305,2.19160850207027,-0.946542097584465,-1.56769402634463,13.0802564222634,-1.58448470235771,-0.502120192113361,-0.728037679813751,-0.438455625037481,-0.277880957786101,1.77760607352991,-0.0799735698861207,0.426330555078077
"SBSS 87",-1.19901593862606,1.62161148561906,3.17779220040207,-0.00775746909723563,1.76566047749325,0.419370016767687,-10.3243129971042,-3.10576488942057,-1.4033046541998,-1.27144606766937,4.03031974993226,-0.986625586597227,0.685314001549044,7.97820372611031,2.89875018368082,0.546380991429063,1.59891535213458,-1.06768232551826,-2.48280415805886,-6.27762243313911,-2.63386614456551,-0.130392763096815,4.26821262209973,1.17584822295974,1.65645235321509,-0.171881692855193,-2.11541839250219,-0.867865847824125,0.558537512082775,1.84651927416922,-0.182126809370133
"SBSS 88",-1.0897292210136,-2.66505168941068,1.68806876967557,0.401969058574824,2.50101755343815,1.89886491311737,-2.15471037583103,-0.717021594070368,-1.04279344888514,-1.05809281077688,2.11713995762056,2.00125964663795,1.44314331070806,-5.25636403962414,-0.960550433611355,-0.783779621793087,-0.591094018439377,1.09963479863107,-1.22734683485797,3.64307105807374,3.34020078775458,1.71683234967654,-4.07040346017898,-1.62448926483728,2.94891207875509,1.26809934890527,0.537555810746676,-0.725153251577126,-2.36584168696758,-0.941349649023845,0.668001958582982
"SBSS 89",-0.433089625840898,-0.377705533880675,1.88599963294996,0.348844802615791,-2.51512698296595,-1.34260987960385,6.9522469684175,-0.11890466423813,-0.587832632612006,-0.355450820970755,-1.47875239135472,-0.793486048977051,1.75561611059535,1.93357132048646,-5.27164527265473,-0.201368169508503,1.96106824064921,-0.783993343614996,0.954824767969028,1.89974705764147,-0.538604566857989,-0.371969995029352,-0.546050972891254,0.334116149801613,2.86844001104437,-0.745089895178703,0.395109107518703,-1.80762505235175,-0.362767989078427,0.372548808666309,-3.03005914074602
"SBSS 90",2.06856212315106,-1.6584337005338,1.32376166956886,1.00500815516905,-1.16153729438702,0.813509936533752,-3.83150300517515,0.715134418484688,4.9950718635973,0.897013879717135,-4.41096776368487,-0.991690072873022,4.16495602961822,2.65420027903837,-4.63310984231467,-2.06836404683106,-1.2990290565953,-0.779297233090815,-1.72433908159208,3.39512139420275,-0.425124798938284,0.286545261693311,2.3599220095093,-1.55192941542424,-0.31574208448693,0.822921259441797,-0.357377329427255,0.356604851569923,0.547399021630933,-0.463347376093643,-0.733940051478267
"SBSS 91",0.214983278219756,1.05257318107687,-0.448541035030972,-0.151614456263241,-0.81576967073427,0.392416451884807,2.0535751115553,-0.321552948323597,0.462691272408278,-0.186690250126162,1.78563974004692,0.366099572909223,0.170605022853337,0.442000838102728,-0.223024388550512,0.0267219622698616,0.465537763572519,-0.492942286358099,-3.03992258068589,-0.25985012141408,0.65687034581841,0.0762138597201642,-1.53376351473147,-0.170468435430519,-0.185986628661223,0.229253634998476,-0.198267751671032,-0.10276473957813,-0.178166878781877,-0.446198356093345,0.360342006997785
"SBSS 92",0.959505340380545,0.755963915414477,-1.39336850968313,0.174548502428964,-0.148897727668448,0.565836151068724,-0.0675462871611309,0.311324788299534,-0.156486840958961,-0.795397946660737,2.25857389400016,-0.613252267599326,-0.182068143341925,0.409004984403977,-1.01720835656353,0.110848379483191,1.5602914473686,0.0622019509344756,-1.27610199357005,-0.0535944329384667,-1.57955845799521,0.339475341064763,-2.03830924186953,0.061433251913184,0.183274178248791,0.268353958186907,-0.0568562304500295,-0.206189387892911,0.0322537591816357,1.41601311291128,0.115932869064179
"SBSS 93",-0.396274572278654,0.88690690975394,-1.3187915246362,0.272956831056011,-0.315527540379756,-0.0420877427719802,-1.0566244783772,-1.63835888532656,1.27821289497604,-0.486634999372396,1.0274326371937,0.0787518423053611,0.691289861269192,2.56987968601176,1.44772182410409,0.224859477332539,1.38875043034201,0.410486182528792,-0.617022609782714,1.09057395295344,2.82776083930996,-1.03803151531157,-3.70475164968562,-0.757448486427757,-0.57743879261679,0.637516107826421,-0.134652430093422,-1.04299158194155,0.458950685376495,-1.16450773097606,-1.00090562236155
"SBSS 94",-0.89787287437858,2.96366098223063,0.9709000591944,-0.150055757611991,-1.71369173237009,0.169129324115732,2.05065322418256,-0.0956587403138727,-1.35876981411662,-1.66597553227045,-1.03030490920415,1.92658126548473,-0.105649568017847,2.49663293691077,-1.93853993693009,1.43183532861876,-0.0593876769838274,-0.687424474680299,2.26072802797675,-0.797262251570517,0.66311322460506,0.214647930922515,-2.05529952860001,-0.200027853067224,-1.24394508738294,2.29904076661754,-0.293766924977592,0.352416288682337,0.0605564291815778,-3.81064448938263,0.244381363135378
"SBSS 95",0.871810527899837,0.811325919426196,0.457632540637401,-0.236081107892583,0.552112606078057,0.390849128340642,0.927742910130595,1.14418200796292,0.681796537179523,-2.00145471104739,-2.49578861435261,-0.391459711294688,0.753458351166383,0.505810235233738,1.88740197489962,0.124650439492858,-0.565448607734175,0.193077458545381,0.434943953816148,-2.40307516990128,-2.65167774992143,-0.535413358759151,2.45388813088565,-0.189018869289229,-0.845548163932721,-0.27878675709346,-0.175860289812085,-0.633918750496787,-1.41062133809671,2.25737887655435,0.366091601375001
"SBSS 96",-1.24274961603976,1.01257081851666,-2.14648293268559,0.175589705991159,0.361136556015227,0.442767884601685,3.37136865457009,-2.50953632097892,2.57694522362023,-0.487536607587121,-0.268854822199511,1.75662709062596,-1.12460685762632,-3.34051188327412,-1.92999896750864,-1.29040907646265,1.99378944938701,-0.562780362349234,0.239941847098861,5.00960150060554,2.64726975783941,1.62271593061136,-0.588599786384288,-0.634135763029789,-1.52059193005494,-1.49027219217143,-1.51274010621713,-1.2137960355413,-0.31133108313839,0.0413949943408358,0.923214929425099
"SBSS 97",1.14894863677473,-0.220873223391989,-0.791208290984043,1.29603205009713,0.441763911838407,2.47244460459915,-0.105231528939324,-1.67277636213845,-0.724826351376817,-0.429095089007532,-5.41585141867328,3.51060370038304,-1.84116020972531,1.28081134359415,0.392214876517469,0.489917833578148,0.995256933921867,-0.0611620285035229,1.80439244327168,-1.21235332191011,-2.14094794933719,-0.854311578999977,4.44697973254641,0.359292118402837,0.246823143668662,-0.620818210036277,-1.96966513051068,0.808707312582372,0.41709897635126,-0.505077700682162,-1.54592922391065
"SBSS 98",0.15714373027899,-0.77346378873142,0.591133204382122,0.284643981471887,1.03587880210784,0.0744048391021581,-0.866852521155443,1.08949502074108,1.70694631234621,-0.0244215019099356,2.52756206576478,1.04257989838121,-0.218229113651821,-1.17650881042504,-1.12816704413398,-0.335571855788779,0.973838640540512,1.47203091010206,-3.91310068329363,1.89923997491119,-1.38576905190613,1.88683232412716,0.217802465243502,1.93018478156479,-1.03983211789021,-0.109636629285866,-0.0427210575926538,-0.489780709682114,-0.257208957581489,-2.54376933877887,-2.58468376925811
"SBSS 99",-0.540992092447276,1.18672168713103,-1.49445595230588,0.662195994771985,-3.70445409758623,-0.255243717431518,3.67398342720316,-2.97088669873142,-1.05548087296051,0.102060569251228,4.29923220502979,0.709993354876174,0.500589104809491,-0.856640865738119,-1.27624872739387,-1.33920562765735,-2.65498844470648,0.0613837901512804,-1.55402575553774,-1.98010764853107,-0.628126416459147,0.857000664721205,3.08366807195341,1.21208530569305,-1.56803557060448,2.20632132674391,-0.233443592983144,1.32916922214406,-1.07237558039,1.68940180250917,1.61090513447532
"SBSS 100",-0.247435385702101,-0.626003566667698,-3.64448030275521,-0.00425432701926057,-0.482678334840279,1.4787216255971,-1.68987751518908,-1.86196848412133,1.84074110683597,1.4717568407203,0.469279402866669,0.772175701598953,1.22762365476941,-0.31174442566029,-2.19076711069254,0.557899367793645,0.319594601064622,-0.495820492921111,-0.945118392201087,-6.15937220576617,-2.92804386991842,0.74209153199526,7.98848830466154,1.1957019475974,1.50262930026994,0.856787991901296,-0.15405668548516,-2.05594505856652,0.816073622344388,-0.946130181380969,3.50413133887074
"SBSS 101",-0.386319591063367,2.36869178172482,-1.40431964543237,0.687952896753654,3.14419212506509,-0.049163100766651,-0.99400828917204,-0.935668272140465,-0.248018197781508,3.20759955474136,-0.736586671484773,-2.20797905012129,1.75675261156053,6.03419735344773,-5.31316497734964,-0.253501017450733,1.60527360837725,-0.0153720968289436,0.863875882089273,-1.52546941352043,-0.57125652216996,-2.7157444816234,-0.0150622141355734,0.692625603012049,-2.03373144480835,0.0806566498460518,-0.0826760852594093,0.630634932686612,-1.19039681401068,-0.718610568624622,0.324595454439779
"SBSS 102",0.0788437568209563,0.0286813213524452,-3.4556877363308,-0.430198166207094,-1.20644815301811,-0.836032709906656,5.70917276749466,-1.54401645920085,-1.13509983044006,0.00483593533628814,-4.5244769744402,-0.308996709748817,1.25080876742878,-2.5116969693874,1.26437728165118,-0.000823908512758916,3.84192881393979,0.140375897785936,6.31974644529712,2.64805042077317,0.374607764898874,1.13058530894506,-5.00236492187336,0.121001758960221,-1.60833238715305,-1.34113493619199,1.8812160653406,0.809612087844562,-0.232186398494712,-1.67359967332071,0.207251540356938
"SBSS 103",1.18498054597638,1.25533077363498,-0.55353394876894,-1.13419403651835,-1.20152934781943,0.162531033841943,7.01043349457693,-0.3519457994756,-0.795168309454678,-0.234018454609371,4.00307631780576,1.24268033884351,1.02312265831083,-4.24869483751558,6.31130814213576,0.655482717135203,0.2347244564144,0.0575709154586714,-1.24644760563704,-5.08783960700273,-0.918173234122749,-0.859624871202909,-6.32031056766063,0.224226750626958,-0.301844854251789,-0.652743171437901,-1.34418835128345,0.565196650036252,-0.743428330732188,-0.0104740100949104,2.07349454279067
"SBSS 104",0.929154831305002,-2.24231730656487,-0.772716759809307,0.729718563273625,1.72780291624844,-1.21846881567769,-5.53788961931033,-0.321685945111314,1.05653051163462,1.3822383430289,-2.73273073022413,0.655137114213486,-0.626051072702051,-3.39308616594984,2.35347849668654,2.4707518102797,2.3931720595376,0.636172356963657,0.985710981390431,-0.178136972851404,0.184874911621831,0.59804927244682,-0.0661808422537939,-1.47266466457353,1.02295903819732,2.44426169958977,-1.85237048461535,0.879247579225974,-0.189797726134057,-0.247914563926761,0.402751184060697
"SBSS 105",-2.49119583438587,-1.07529131371536,-1.60319634226163,-0.649559166696677,2.51785050355097,0.902056553326338,1.22120698500258,3.48484457933189,-4.90403656782328,-0.50153169002328,3.17300776707259,3.14521912553809,-0.800720471273028,-3.81570685345795,0.515262009606651,-1.44406578767057,-0.579630515883378,-0.286995761647187,0.979903498076431,4.30170643418556,-2.38409438012576,-0.912619423603006,-2.40650493217772,0.821437329363315,0.00266050193786382,0.70323250172619,-0.489358838296248,0.613074431376006,0.645301030689391,-0.849566283446344,2.16731091170342
"SBSS 106",0.756923396350183,-0.474392506118626,0.586242636931144,1.88386185382057,0.756772095720911,0.334721412932236,-0.631846144193251,-2.33574186218018,-1.0786861167777,0.181518271751884,2.23035286059582,-0.821074622622645,-1.46713987224886,3.82418459730489,1.8411332269536,1.00330944326551,-0.447037559486553,1.03510531692047,-0.00936033180430346,-4.84902483403935,3.73651301293087,1.23882374357358,-8.79690097358779,-0.212151712255525,-1.28639552571251,-0.899391113777149,-0.779474842103483,-0.506862935382502,1.36470312119323,-0.833132407709211,4.65444836975474
"SBSS 107",1.51256395354132,-0.284568059269655,-0.186619037511263,-1.15230246788143,-0.816904588422764,-0.854279393160612,6.76496260590331,0.795383694863916,-0.59440340666672,0.0736485270752128,-3.35669892233797,2.52060948753997,1.98348692571789,5.30626416864057,-5.8234333918798,0.809845416291252,-1.45341239502565,2.08108052476855,1.21256917300002,2.11117370466832,-0.864455101299878,-0.247757870581457,-10.4303646904923,0.883249299366177,0.912355962515316,-1.03177030783599,-1.87883427737671,-0.160860905136979,1.17527322506785,0.536258449731356,0.457939696188132
"SBSS 108",-2.76166487432554,1.79882640996423,0.491277427224287,0.497799696254599,-2.5887443587689,-0.436796176616491,-3.04856778940457,2.01832421531338,0.529582166986407,-1.00823713613653,-5.36248358101793,0.337124845967068,-0.336034035221433,-3.89968118360878,6.55369909784639,1.76171872836691,2.63305072476119,-0.14054564691316,3.08629743643158,-1.58807423942497,2.49207805485245,1.24409606118078,-3.20382706300563,3.1952782114499,0.297542144047259,0.53073030864267,-0.421555833167008,-1.01464318643102,-0.990474313235658,-0.393388849523091,-0.27270726248838
"SBSS 109",-0.457716474594659,-2.20034885819249,0.944074112389904,2.10691543744646,-0.335033295459851,-0.492655751851635,2.31419048131098,2.78440523277304,1.31785689151983,-0.0162959299121874,-1.07194166704252,2.98336228505613,2.51383450219877,4.59392691075571,0.0912822692422412,-0.234350923237724,-0.557743619635744,-0.997830868855663,-0.868803742042087,-1.86040381005189,0.64090337118223,0.909955526283084,-9.4471192417571,-1.05997428349785,-2.53088461317198,0.712027413243574,1.34764728810221,-0.338287090409058,-1.11432830961345,0.163001948772745,0.160334809048971
"SBSS 110",0.506490603028134,-0.839403343153994,-5.27603207355569,0.00538615018119525,-0.1466698165442,-0.771608256795911,-1.05782981303689,1.24173308933069,3.53154997085235,-1.3580987374276,1.04541188060742,1.21894581467289,-1.17627121035481,1.9883341085518,-0.927414935711404,0.467336566305232,-1.53554960495836,-1.47160491361378,-0.95159896980272,1.65359164531307,0.52980513952528,-3.20703336113922,1.09018285510948,3.06332418418459,0.413474284576709,0.192342222113963,0.584686676187368,2.03213675420803,0.224039121097075,-1.42387915143505,0.354223121684356
"SBSS 111",-2.91421354208856,0.382021736210127,1.96859402527411,-0.167223268492578,-0.716144109762897,0.124637464305327,7.8086008786158,0.92785777590187,4.57776086361599,1.08183746127804,0.692366594195177,-5.99607579557945,-1.45153754799142,-1.45446824141466,0.184165209033678,0.770152737058496,-2.78475550490997,1.1060729397885,-1.66360432854519,0.570794689174358,-0.440589219968957,0.127245519816442,-8.32671739438133,-0.0666407601260342,1.20133907969151,-0.364634422121406,0.0283757505527315,0.967765872118457,1.25227341435982,2.78548260947079,-0.210740485078784
"SBSS 112",2.2171380656143,1.29571097320489,-0.0416723988787396,-0.0189023149336756,0.0275054751719937,-1.74152788876328,1.7228726744764,0.634455082119979,-0.37786085065099,0.387946520767358,-0.486725918978746,1.05511763821653,-3.36127496759679,-8.26622334014586,1.23380599885285,1.98372469449349,-0.662316784107141,0.99781052543192,-0.16033493118051,0.869514135185639,0.0593246336437067,-0.916031707019117,4.96523124938143,-0.00594712096539968,-2.93430174638476,-0.545524416989234,1.73483458832075,-0.544184534365224,-0.394507029791167,0.0807423329864608,1.19160136288293
"SBSS 113",0.132784605230693,2.31166427276163,0.860062276430795,0.21704357204378,1.65509429237259,-0.939566239827321,-2.297493714646,-0.222059341294159,-2.7299268931809,1.11137549528742,3.36130005579199,-1.8243525382261,0.322782941656135,4.74686902212267,7.9166017336439,1.19672700850602,-1.59297202996984,-2.12072876735181,0.0424449882936187,-3.88820562344654,-4.31947132164406,1.5903013538432,-6.77745919847499,2.93602817509473,0.00669360421688626,-0.33399481983906,-1.23962411555449,-0.441489378061226,1.38744522613879,1.63092325428269,-2.69879789620102
"SBSS 114",0.86231043302134,0.465178480906809,-2.34658070521135,0.776014617972591,2.671930064162,-0.165283572044613,-4.43505522688277,3.65243610561285,0.356216993161249,-0.517947150089651,-1.62754547156327,-0.00525316744245575,2.65480752769691,-15.5267851790739,0.134173319071066,-0.210308768692689,-2.64226328135953,1.19990121188552,1.32852613166243,2.61203073205383,1.09729971382504,2.92877285728163,10.1021393943339,-0.774170077854026,-0.41475990168476,-0.628369860180102,-0.586368356129194,-0.385459539491399,1.5048686854129,-0.982237358995238,-1.09821865136514
"SBSS 115",2.12540809284992,-1.73461515895315,3.31445621260162,0.667976263543236,2.05463894976506,-1.37993655113953,-0.573896963258011,-3.45528353815344,0.975195867943633,-1.35531897850555,-0.0662255873969555,-0.586528287461547,1.05348139750251,0.0969803078587045,-1.72614260063451,-2.11683367027932,0.0836549821338563,-0.410449309667669,-0.777548031080103,3.3615133956881,-0.105856214182865,1.08187489108603,-7.55134915950271,1.61427964274517,3.80760891784635,-0.632098606042019,0.836128776494053,-0.245685749910286,-0.83887516276009,-0.234998828763657,2.71844469963317
"SBSS 116",0.682499420913381,2.46145685831971,-1.44209525374994,0.117893686169269,-0.805349974614863,2.01423642787075,0.241041791945837,0.86571775932527,-0.367811518099239,1.78953325212355,3.06545516947509,-0.882958053996279,1.09333846048101,-3.51258634470339,3.67087743923424,0.335214347268834,-2.58787646095814,0.952989169510843,-0.987930148549394,7.54357146165816,0.200252518126953,-0.411628467501805,-12.2046180565193,-1.08028918006596,1.31046153672824,-0.0647449051508414,-0.341623537730202,1.37940726689377,-1.3909632044116,-2.27375265307463,0.630281193080685
"SBSS 117",-1.37069612739557,3.12858523488131,-2.65907280789394,1.762917251894,0.482067841961652,-1.90675891748157,0.775221604605707,3.18844340926105,-3.05808874125735,-0.496416119049529,3.00193643488732,-0.57299767774325,-1.89892063065337,0.773259603580047,-0.872094023234452,-1.21773649912834,0.893275655234934,0.633581218503122,1.12457867267389,-3.45249824413442,0.626944904736213,0.465219437902406,3.42994945291037,-1.82417150108748,2.72801861363883,-2.07021905968056,-0.137927778141218,0.284126556370345,-0.577563335481108,-0.875269946028052,-0.307694484650988
"SBSS 118",0.465947349877197,1.47717554779535,1.17774584050337,1.08305933375722,-3.55134361192703,-0.296900947665322,0.763967879795252,1.89628282089274,1.86853664073969,0.510803885173735,-1.96587259929506,-2.01552541050748,0.84746066352922,2.35732792110781,-3.45733883154932,-0.588649064245318,0.342206647871343,-0.756956031516618,-0.618276319700082,3.43311221105299,-1.97715477405805,-2.56943934842705,0.848250000275426,-0.193319937490048,-0.606656455217268,-1.02180542499716,-1.82329070362627,0.0757474507148779,2.54718404625243,-0.29372042597728,2.0414416468607
"SBSS 119",-3.23263275652557,0.730893918524428,-0.262049682003233,-0.0247874339169241,1.59943457492834,0.174497498954034,0.99967277716487,-1.88343884584672,-1.58344017723537,-2.13858545389117,6.51171609957221,1.05555898063175,2.5343299000449,1.66430326501357,-2.21927533896002,2.65991079244524,1.19279661491811,0.906013165829324,-1.40260247488291,-0.600186951049652,-0.631322709586869,-1.21127640380575,-2.5426863922263,-0.770837991635796,-0.0197962827133296,-1.24731336953261,0.292390862227391,-0.462586452306934,-0.755682990738278,1.52117124480269,-0.854187988199416
"SBSS 120",1.77310167593016,-1.72795166447625,-1.05942677719817,1.09131606737199,-3.47192847027098,0.0995396251938201,6.18426155198777,0.521529844093793,-0.711966297057857,1.50968150041924,-1.25723934383037,-0.163471778966261,-0.636108265386371,-5.89576902771622,-2.2390808293645,1.58883257738244,-1.66534843207182,-0.935280550818168,1.16546877776819,4.35868314505521,4.33970797996882,0.303951427646763,0.621957939979299,0.106855202081808,2.04403620698324,1.75923542108026,-0.309270477155947,-1.83106487766656,-0.122966659637126,-1.72789173339429,-3.71339375793191
